permutacion_inicial,ruta_final
"[50, 76, 14, 42, 29, 16, 66, 49, 34, 55, 57, 65, 15, 62, 48, 54, 13, 1, 3, 92, 88, 10, 79, 22, 59, 11, 8, 17, 40, 90, 94, 19, 30, 12, 70, 75, 45, 18, 96, 68, 53, 98, 21, 83, 46, 100, 93, 51, 74, 20, 28, 95, 39, 77, 71, 56, 37, 6, 97, 31, 7, 69, 47, 85, 87, 27, 35, 44, 9, 61, 23, 78, 43, 24, 64, 26, 73, 60, 2, 36, 52, 82, 5, 41, 86, 25, 63, 32, 58, 33, 99, 89, 91, 38, 84, 72, 81, 80, 67, 4]","[[50, 81, 9, 71, 35, 34, 78, 2, 57, 15, 42], [65, 66, 20, 30, 69, 27], [77, 3, 79, 33, 51, 31, 52, 6, 96, 99, 59, 94], [97, 87, 22, 74, 72, 76, 32, 90, 63, 62], [93, 61, 16, 86, 17, 84, 5, 88, 10, 70, 1, 28], [12, 80, 68, 29, 24, 54, 26, 53], [7, 48, 46, 8, 45, 83, 60, 89], [91, 44, 38, 14, 43, 23, 67, 39], [19, 11, 64, 49, 36, 47, 82, 18, 13, 58, 73, 21, 40], [95, 92, 37, 98, 85, 100, 41, 75, 56, 25, 55, 4]]"
"[13, 44, 82, 36, 9, 7, 85, 40, 72, 89, 50, 68, 81, 1, 10, 27, 92, 51, 73, 47, 49, 63, 98, 56, 65, 77, 30, 54, 94, 5, 70, 22, 14, 19, 88, 97, 17, 55, 29, 26, 64, 21, 43, 35, 76, 83, 71, 62, 12, 74, 32, 75, 41, 15, 91, 6, 34, 60, 33, 23, 59, 37, 18, 31, 16, 57, 39, 3, 79, 80, 84, 46, 4, 61, 53, 67, 90, 45, 11, 20, 100, 96, 28, 78, 38, 66, 52, 93, 24, 99, 48, 58, 69, 8, 42, 86, 95, 2, 87, 25]","[[60, 83, 17, 84, 5, 13, 58, 40, 26, 53], [28, 50, 33, 81, 1, 69, 27], [12, 80, 68, 77, 51, 64, 49, 36, 47, 46, 18], [94, 95, 97, 87, 2, 73, 4, 25, 55, 31, 10, 62, 88], [92, 42, 43, 15, 41, 22, 75, 74, 72, 21, 9, 71, 20, 30, 70], [56, 39, 67, 23, 57, 37, 98, 59], [76, 3, 79, 29, 24, 54], [93, 61, 45, 8, 82, 7, 48, 19, 11, 63, 90, 32], [78, 34, 35, 65, 66, 52, 89, 99, 96, 6], [85, 91, 16, 86, 38, 14, 44, 100]]"
"[69, 55, 50, 4, 39, 1, 80, 79, 37, 84, 21, 7, 76, 65, 66, 82, 72, 63, 97, 19, 44, 36, 17, 91, 71, 10, 33, 12, 40, 11, 43, 61, 32, 16, 81, 24, 67, 51, 62, 94, 68, 93, 38, 54, 25, 70, 20, 56, 6, 23, 42, 85, 95, 57, 92, 48, 96, 46, 13, 75, 8, 100, 53, 64, 34, 26, 18, 90, 98, 86, 59, 22, 28, 35, 73, 58, 41, 74, 3, 49, 31, 87, 45, 14, 47, 30, 89, 15, 29, 60, 27, 77, 78, 99, 9, 5, 83, 2, 52, 88]","[[54, 24, 55, 25, 4, 56, 39, 67, 23, 75, 72], [9, 35, 65, 66, 63, 11, 19, 62, 7, 48, 82, 83, 60], [31, 10, 70, 69, 27], [28, 50, 33, 81, 78, 79, 3, 97, 92, 95, 94], [13, 87, 100, 37, 30, 20, 51, 1], [98, 85, 91, 44, 38, 14, 42, 43, 15, 57, 2, 58], [80, 29, 34, 71, 32, 90, 47, 5, 93, 59, 99, 96], [40, 21, 74, 22, 41, 73, 36, 49, 64], [89, 18, 8, 46, 45, 6, 53, 26, 12, 68, 77, 76], [61, 16, 86, 17, 84, 88, 52]]"
"[67, 13, 62, 95, 56, 72, 28, 58, 100, 30, 74, 17, 65, 64, 12, 46, 66, 21, 2, 79, 11, 63, 19, 10, 98, 33, 9, 18, 14, 39, 86, 15, 43, 37, 7, 36, 99, 97, 44, 78, 88, 53, 22, 61, 4, 24, 51, 23, 25, 3, 47, 90, 84, 50, 75, 96, 5, 83, 92, 71, 27, 68, 35, 49, 81, 1, 91, 73, 82, 16, 69, 77, 87, 93, 6, 94, 89, 60, 34, 55, 31, 26, 70, 57, 48, 80, 41, 29, 20, 52, 54, 76, 45, 32, 59, 40, 42, 85, 8, 38]","[[74, 75, 56, 23, 22, 41, 57, 42, 100, 98], [26, 40, 58, 17, 45, 46, 47, 36, 49, 64, 19, 11, 63, 10, 70], [79, 78, 68, 15, 43, 14, 44, 38, 86, 16, 91, 37, 92, 6], [27, 88, 62, 90, 32, 29, 24, 55, 25, 67, 39, 4, 72, 73], [53, 13, 59, 5, 60, 89], [34, 35, 65, 71, 9, 81, 50], [1, 69, 48, 82, 8, 83, 84, 61, 85, 93, 99, 96], [52, 18, 7, 31, 30, 20, 66, 51, 33, 3, 77, 76], [94, 95, 97, 87, 2, 21, 54, 80, 12, 28]]"
"[85, 50, 67, 39, 98, 83, 47, 7, 61, 70, 99, 58, 74, 95, 93, 49, 87, 78, 28, 27, 97, 36, 20, 13, 5, 26, 56, 22, 48, 60, 16, 90, 91, 10, 75, 71, 68, 62, 6, 31, 15, 18, 45, 42, 4, 92, 9, 29, 43, 30, 80, 24, 82, 79, 81, 51, 84, 33, 14, 65, 52, 53, 19, 46, 35, 37, 69, 77, 12, 1, 21, 63, 100, 94, 11, 44, 55, 59, 72, 40, 3, 96, 54, 8, 34, 73, 86, 66, 88, 57, 17, 25, 41, 23, 38, 2, 76, 89, 32, 64]","[[13, 97, 92, 93, 5, 83, 8, 48, 7, 52], [53, 40, 58, 95, 59, 99, 45, 46, 36, 49, 64, 63, 10], [39, 56, 75, 22, 74, 82, 47, 19, 11, 62, 27], [71, 65, 66, 20, 30, 18, 85, 100, 42, 15, 57, 2], [76, 33, 81, 78, 79, 24, 29, 34, 35, 9, 51, 1, 69], [94, 96, 6, 89, 88, 31, 50, 3, 77, 12, 26, 28], [61, 16, 44, 91, 98, 37, 87, 73, 72, 54, 80, 68], [21, 4, 55, 25, 67, 23, 41, 43, 14, 38, 86, 17, 84, 60], [70, 32, 90]]"
"[13, 27, 56, 93, 78, 30, 37, 41, 92, 44, 48, 51, 64, 17, 72, 61, 46, 80, 22, 45, 81, 91, 97, 19, 98, 53, 5, 70, 39, 94, 74, 23, 1, 21, 38, 71, 34, 18, 67, 12, 77, 2, 76, 29, 52, 6, 24, 4, 10, 25, 89, 31, 85, 28, 54, 58, 14, 9, 60, 20, 95, 42, 66, 32, 88, 96, 65, 33, 8, 90, 68, 55, 79, 73, 36, 82, 62, 43, 3, 83, 47, 40, 7, 59, 69, 11, 15, 87, 99, 100, 16, 50, 26, 63, 57, 49, 84, 35, 86, 75]","[[5, 84, 83, 60], [53, 2, 42, 14, 44, 38, 86, 46, 48, 90, 30, 51, 50], [22, 41, 57, 100, 91, 16, 85, 93, 99], [94, 95, 97, 74, 75, 23, 56, 72, 21], [27, 28, 12, 80, 68, 76, 77, 3, 79, 78, 29, 24, 55, 25, 4], [52, 31, 69, 1, 26, 40, 58], [6, 89, 9, 81, 33], [88, 10, 20, 66, 65, 71, 35, 34, 54, 67, 39, 73], [18, 47, 36, 49, 64, 11, 19, 7], [96, 59, 92, 98, 37, 43, 15, 87, 13], [70, 32, 63, 62, 82, 8, 45, 17, 61]]"
"[92, 11, 14, 1, 100, 2, 49, 94, 71, 62, 19, 87, 38, 54, 18, 69, 82, 30, 95, 59, 61, 24, 80, 5, 85, 39, 45, 20, 27, 47, 9, 77, 99, 74, 81, 97, 84, 65, 34, 48, 91, 90, 10, 31, 98, 57, 60, 37, 17, 83, 70, 55, 12, 51, 73, 89, 72, 28, 58, 4, 86, 68, 52, 44, 16, 26, 75, 41, 50, 13, 78, 63, 56, 40, 23, 43, 3, 22, 42, 79, 15, 36, 29, 8, 32, 7, 96, 76, 21, 33, 67, 53, 6, 35, 93, 66, 46, 64, 88, 25]","[[85, 91, 16, 86, 44, 100, 98, 59], [88, 62, 19, 49, 36, 47], [89, 18, 82, 48, 83, 60, 96, 94, 6], [53, 26, 12, 80, 24, 29, 79, 3, 77], [97, 87, 2, 40, 68, 78, 34, 30, 32, 90, 10, 70], [99, 93, 61, 17, 84, 5, 27, 69, 1, 50, 76, 28], [54, 55, 39, 4, 58], [21, 72, 22, 57, 42, 37, 92, 95, 13], [73, 74, 75, 56, 25, 67, 23, 41, 15, 43, 14, 38, 45, 46, 8, 7, 52], [33, 81, 9, 51, 20, 71, 35, 65, 66, 63, 64, 11, 31]]"
"[30, 3, 25, 66, 19, 68, 4, 57, 13, 59, 7, 42, 76, 67, 93, 97, 73, 27, 40, 9, 16, 45, 60, 51, 98, 61, 99, 70, 21, 81, 91, 52, 6, 86, 8, 82, 44, 26, 43, 18, 78, 12, 29, 48, 64, 20, 50, 72, 58, 10, 90, 33, 47, 94, 35, 37, 65, 96, 89, 1, 38, 39, 23, 31, 11, 49, 77, 71, 79, 74, 92, 54, 5, 56, 28, 41, 85, 17, 53, 75, 2, 95, 14, 34, 32, 84, 88, 55, 62, 83, 80, 87, 36, 100, 69, 63, 15, 46, 24, 22]","[[76, 77, 3, 79, 68, 80, 12, 37, 98, 92, 95], [94, 13, 53, 28, 50, 1, 27], [87, 42, 14, 61, 84, 5, 60, 52, 9, 34, 78, 81], [15, 43, 38, 44, 16, 86, 17, 45, 82, 7], [69, 70, 30, 20, 51, 26, 40, 2, 58], [90, 32, 66, 65, 71, 35], [6, 96, 59, 97, 41, 23, 67, 39], [48, 47, 49, 64, 63, 10, 21, 72, 73], [74, 56, 75, 22, 57, 100, 91, 85, 93, 99, 89], [18, 83, 8, 46, 36, 19, 11, 62, 88, 31, 33, 29, 24, 55, 25, 4, 54]]"
"[2, 35, 61, 14, 51, 49, 90, 62, 45, 5, 73, 72, 100, 30, 19, 34, 83, 28, 46, 40, 70, 26, 75, 68, 1, 7, 24, 86, 37, 15, 22, 92, 27, 6, 74, 66, 79, 25, 59, 60, 57, 43, 12, 96, 77, 8, 89, 21, 52, 47, 71, 3, 56, 32, 38, 82, 4, 55, 91, 76, 99, 48, 11, 53, 16, 44, 65, 67, 10, 18, 50, 13, 87, 42, 9, 31, 63, 29, 78, 93, 54, 80, 84, 39, 64, 17, 98, 88, 23, 36, 20, 81, 33, 97, 69, 95, 58, 41, 94, 85]","[[60, 5, 85, 93], [11, 64, 49, 36, 47, 8, 2, 73, 72], [33, 35, 71, 9], [1, 50, 12, 74, 22, 41, 15, 57, 87, 97, 92, 37, 100, 98, 94], [27, 69, 70, 30, 79, 3, 42, 43, 14, 38, 44, 91], [18, 82, 48, 63, 66, 65, 34, 25, 67, 56, 75, 21], [26, 54, 24, 29, 10, 62, 31], [61, 16, 86, 17, 84, 7, 88, 52], [53, 58, 40, 80, 68, 77, 76, 28], [4, 23, 39, 55, 78, 81, 51, 20, 32, 90, 19, 46, 45, 83], [13, 95, 59, 99, 96, 6, 89]]"
"[7, 18, 32, 38, 75, 62, 37, 11, 27, 91, 16, 9, 2, 45, 78, 69, 51, 26, 80, 48, 93, 100, 65, 28, 70, 87, 42, 84, 96, 22, 57, 40, 49, 94, 17, 20, 29, 46, 88, 79, 50, 61, 31, 19, 5, 23, 54, 25, 58, 59, 71, 14, 39, 95, 90, 89, 10, 82, 44, 55, 34, 3, 53, 63, 41, 76, 99, 4, 77, 21, 74, 15, 52, 60, 97, 24, 12, 6, 8, 86, 73, 98, 13, 30, 47, 33, 64, 83, 36, 81, 1, 56, 67, 35, 85, 92, 72, 43, 66, 68]","[[70, 10, 90, 63, 11, 19, 17, 86, 38, 44, 16], [50, 33, 81, 78, 29, 80, 12, 58, 13, 94, 6], [9, 71, 35, 40, 2, 57, 87, 97, 95, 53], [83, 84, 45, 46, 62, 88, 31, 69, 27], [52, 7, 48, 82, 8, 18, 89, 4, 54, 26], [96, 99, 59, 98, 14, 43, 23, 24, 34, 65, 66, 20, 1], [21, 73, 72, 56, 75, 74, 22, 41, 15, 42, 61, 5, 60], [93, 85, 91, 100, 37, 92], [47, 36, 49, 64, 32, 30, 51, 55, 25, 67, 39], [28, 68, 79, 3, 77, 76]]"
"[47, 51, 38, 11, 10, 86, 87, 98, 82, 73, 70, 96, 100, 18, 37, 34, 28, 71, 32, 97, 99, 24, 57, 95, 17, 29, 4, 52, 91, 85, 20, 68, 61, 50, 8, 49, 55, 67, 22, 43, 72, 36, 89, 94, 31, 74, 59, 9, 79, 69, 75, 88, 26, 53, 77, 27, 76, 7, 19, 92, 12, 16, 23, 40, 6, 62, 33, 64, 2, 39, 58, 15, 3, 30, 90, 1, 93, 13, 84, 42, 44, 41, 83, 65, 14, 25, 56, 48, 35, 54, 45, 21, 60, 78, 81, 80, 46, 66, 63, 5]","[[27, 52], [70, 31, 88, 7, 99, 98, 44, 86, 38, 14, 100, 37, 92], [20, 71, 9, 51, 40, 2, 57, 87, 97, 95], [28, 76, 81, 33, 50, 89, 6], [72, 74, 75, 22, 41, 17, 45, 8, 83], [94, 96, 59, 42, 43, 15, 3, 79, 1, 69], [46, 36, 47, 19, 62, 77, 68, 80, 12, 53], [58, 13, 18, 82, 48, 49, 64], [56, 23, 67, 39, 30, 32, 90, 10], [93, 85, 91, 16, 61, 84, 5, 60], [26, 4, 25, 55, 24, 54], [73, 21, 29, 78, 34, 35, 65, 66, 63, 11]]"
"[28, 80, 42, 91, 66, 92, 95, 39, 8, 69, 86, 96, 7, 71, 81, 27, 49, 25, 16, 24, 21, 13, 78, 2, 77, 9, 82, 18, 72, 43, 37, 59, 74, 30, 1, 36, 22, 48, 70, 57, 83, 75, 32, 76, 55, 89, 50, 10, 93, 67, 65, 46, 51, 52, 29, 79, 5, 14, 88, 68, 17, 53, 90, 47, 34, 35, 26, 84, 3, 85, 58, 19, 64, 94, 73, 98, 44, 60, 11, 54, 97, 87, 15, 23, 41, 56, 62, 99, 61, 45, 63, 33, 6, 12, 4, 40, 100, 31, 20, 38]","[[53, 13, 87, 37, 100, 98, 95, 94], [16, 61, 84, 83, 18, 52, 69, 1, 27], [40, 21, 72, 4, 24, 29, 80, 68, 77, 76, 28], [6, 59, 5, 45, 46, 47, 36, 49, 64, 11, 19], [56, 23, 67, 39, 25, 55], [62, 10, 63, 90, 32, 66, 65, 34, 78, 81, 33], [14, 44, 38, 86, 17, 8, 30, 20, 71, 35, 9, 51, 50], [73, 22, 42, 91, 85, 93, 60, 82, 48, 7], [2, 57, 43, 15, 41, 75, 74], [88, 31, 70, 79, 3, 54, 12, 26, 58, 97, 92, 99, 96, 89]]"
"[75, 2, 56, 97, 39, 99, 83, 13, 20, 22, 26, 31, 64, 100, 61, 89, 87, 84, 40, 96, 35, 48, 15, 62, 76, 81, 49, 41, 8, 46, 10, 44, 42, 80, 9, 66, 52, 14, 45, 18, 59, 38, 4, 3, 5, 12, 63, 85, 7, 21, 95, 30, 68, 55, 79, 53, 16, 65, 27, 1, 93, 23, 91, 86, 98, 82, 78, 94, 57, 29, 17, 36, 6, 71, 58, 88, 47, 90, 11, 69, 50, 70, 67, 54, 51, 43, 25, 37, 28, 34, 19, 77, 72, 92, 33, 73, 32, 60, 74, 24]","[[39, 67, 23, 75, 22, 87, 97, 13], [21, 72, 74, 73, 95, 59, 99, 96, 6, 89, 88, 31], [58, 2, 57, 42, 38, 86, 17, 45, 82, 62, 10, 69, 27], [4, 55, 54, 76, 50, 18, 60, 5, 84, 61, 93], [52, 7, 19, 47, 48], [53, 40, 26, 12, 77, 3, 35, 71, 65, 66, 20], [15, 43, 14, 44, 16, 91, 85, 98, 92, 94], [83, 8, 46, 36, 49, 64, 11, 63, 90, 32, 33, 79, 29, 68, 80], [37, 100, 41, 56, 25, 24, 34, 78, 81, 9, 51, 30, 70, 1, 28]]"
"[18, 58, 74, 7, 6, 48, 61, 9, 41, 71, 85, 69, 62, 42, 45, 73, 75, 68, 55, 52, 87, 83, 92, 65, 88, 95, 82, 81, 20, 11, 47, 37, 33, 3, 21, 79, 15, 38, 44, 86, 1, 67, 36, 64, 93, 17, 39, 96, 89, 35, 5, 16, 78, 72, 97, 40, 51, 66, 4, 25, 13, 31, 43, 24, 29, 53, 12, 98, 46, 90, 100, 22, 91, 30, 57, 59, 99, 50, 49, 60, 27, 63, 77, 54, 14, 32, 94, 23, 2, 19, 84, 28, 10, 76, 80, 34, 70, 8, 56, 26]","[[13, 97, 92, 95, 94, 20, 66, 65, 71, 35], [89, 18, 88, 10, 30, 55, 25, 39, 56, 22, 42, 14, 100], [52, 7, 47, 36, 49, 64, 63, 90, 32], [79, 3, 26, 15, 43, 38, 44, 91, 85, 59], [82, 48, 46, 17, 86, 16, 61, 93, 99, 96], [53, 58, 40, 73, 72, 21, 12, 77, 76], [62, 11, 19, 98, 37, 2, 74, 75, 4, 54, 24, 80, 68], [60, 5, 84, 83, 45, 8, 31, 70, 1, 69, 27, 28], [6, 87, 57, 41, 23, 67, 29, 78, 34, 9, 51, 81, 33, 50]]"
"[49, 46, 86, 94, 5, 15, 48, 37, 25, 81, 71, 64, 91, 42, 72, 9, 82, 97, 30, 90, 47, 27, 78, 79, 85, 88, 2, 38, 24, 65, 19, 77, 18, 7, 33, 53, 23, 57, 26, 92, 44, 93, 84, 39, 67, 58, 63, 36, 34, 45, 14, 32, 76, 21, 40, 100, 3, 13, 11, 8, 99, 70, 60, 74, 66, 29, 59, 69, 22, 75, 52, 87, 10, 95, 51, 4, 98, 31, 1, 41, 17, 50, 68, 28, 73, 80, 96, 56, 35, 55, 6, 16, 61, 54, 43, 89, 62, 12, 20, 83]","[[18, 83, 45, 84, 5, 94], [33, 81, 32, 64, 49, 46, 8, 59, 98, 37, 92, 95], [11, 63, 90, 9, 34, 78], [3, 79, 29, 24, 54, 42, 14, 38, 86, 17, 60], [96, 99, 93, 85, 91, 100, 57, 23, 67, 39, 56], [48, 47, 36, 19, 62, 31, 26, 40, 58, 53], [12, 55, 25, 35, 71, 65, 66, 20, 10, 88, 7, 82, 52, 27], [2, 87, 97, 13], [21, 72, 74, 75, 4, 80, 68, 77, 76, 50, 1, 69], [73, 22, 41, 15, 43, 44, 16, 61, 6, 89, 70, 30, 51, 28]]"
"[59, 40, 9, 98, 88, 78, 71, 31, 83, 11, 53, 52, 92, 18, 94, 90, 55, 33, 1, 84, 61, 19, 24, 38, 72, 32, 23, 46, 66, 76, 95, 14, 6, 97, 85, 20, 99, 42, 39, 15, 56, 30, 54, 70, 25, 93, 86, 2, 74, 49, 79, 36, 27, 96, 12, 67, 62, 43, 34, 3, 91, 64, 63, 47, 37, 45, 17, 8, 80, 7, 35, 75, 28, 21, 50, 73, 4, 77, 51, 10, 100, 13, 57, 89, 69, 60, 22, 58, 29, 5, 87, 81, 26, 68, 41, 48, 44, 82, 65, 16]","[[70, 30, 20, 66, 65, 71, 9, 53, 58, 13], [26, 54, 24, 29, 79, 33, 51, 32, 90, 63, 82, 84, 17, 61, 99], [47, 36, 46, 86, 16, 91, 85, 93, 59, 92], [98, 37, 100, 44, 38, 14, 43, 15, 74, 75, 56, 39, 25, 4], [52, 62, 10, 1, 76, 68, 80, 55, 67, 23, 72], [11, 64, 49, 19, 48, 8, 45, 83], [40, 73, 21, 12, 77, 3, 78, 34, 35, 81, 50, 28], [89, 6, 94, 95, 97, 87, 42, 57, 41, 22, 2], [27, 69, 31, 88, 7, 18, 60, 5, 96]]"
"[34, 54, 13, 51, 49, 11, 2, 61, 6, 38, 10, 82, 83, 39, 81, 28, 3, 69, 62, 9, 93, 25, 79, 64, 91, 80, 41, 67, 65, 76, 1, 32, 40, 20, 14, 94, 30, 78, 24, 85, 87, 57, 100, 74, 8, 97, 18, 36, 52, 84, 21, 15, 16, 72, 63, 90, 33, 44, 59, 77, 7, 23, 47, 26, 71, 5, 99, 86, 73, 50, 19, 46, 22, 98, 75, 88, 68, 12, 53, 48, 70, 17, 27, 60, 95, 55, 56, 31, 35, 92, 4, 58, 45, 42, 96, 89, 43, 37, 29, 66]","[[34, 35, 65, 64, 49, 36, 45, 17, 86, 38, 44, 16, 60], [9, 71, 66, 20, 30, 70, 31], [4, 39, 67, 25, 55, 80, 68, 77, 3, 50, 1, 69], [79, 78, 29, 24, 54, 72, 74, 87, 97, 59, 99, 96], [85, 91, 61, 84, 83, 8, 46, 47, 19, 11, 63, 90, 32], [6, 94, 13, 75, 23, 56], [26, 21, 73, 57, 42, 98, 93, 5, 82, 48, 7, 52], [27, 76, 12, 28], [41, 22, 33, 81, 51, 10, 62, 88, 18, 89], [95, 92, 37, 100, 14, 43, 15, 2, 40, 58, 53]]"
"[14, 94, 81, 97, 93, 38, 6, 83, 72, 100, 76, 78, 19, 46, 36, 13, 41, 87, 5, 16, 92, 12, 60, 32, 79, 75, 63, 54, 71, 61, 95, 33, 51, 4, 58, 39, 90, 3, 42, 24, 65, 15, 28, 18, 27, 62, 8, 77, 84, 66, 52, 89, 47, 88, 34, 55, 25, 22, 99, 80, 53, 45, 69, 82, 67, 48, 64, 17, 29, 74, 98, 70, 21, 20, 96, 56, 35, 85, 11, 40, 50, 91, 57, 2, 26, 59, 86, 1, 31, 30, 73, 7, 68, 44, 37, 10, 23, 43, 49, 9]","[[59, 98, 37, 100, 91, 93, 99, 96, 6, 89], [82, 48, 47, 36, 46, 17, 14, 42, 15, 57, 2, 58], [32, 66, 34, 78, 79, 29, 68, 80, 12], [26, 4, 54, 77, 3, 35, 65, 71, 9, 81, 33, 50], [52, 88, 31, 69, 27], [28, 76, 24, 55, 25, 56, 75, 73, 40, 60, 5, 84, 45, 8, 83, 18], [19, 49, 64, 11], [1, 70, 30, 20, 51, 72, 74, 22, 41, 87, 13], [53, 94, 95, 97, 92, 85, 61, 7, 62, 63, 90, 10], [16, 86, 44, 38, 43, 23, 67, 39, 21]]"
"[1, 16, 17, 8, 54, 35, 65, 96, 100, 75, 81, 55, 77, 95, 12, 69, 5, 37, 13, 21, 70, 19, 2, 32, 11, 78, 47, 82, 28, 27, 3, 60, 38, 61, 9, 22, 83, 97, 76, 40, 6, 15, 14, 4, 86, 41, 80, 52, 63, 66, 25, 84, 90, 7, 57, 24, 79, 29, 36, 73, 20, 42, 43, 44, 62, 34, 94, 72, 74, 30, 50, 53, 71, 91, 68, 93, 89, 98, 18, 85, 99, 23, 59, 51, 48, 67, 49, 33, 10, 31, 92, 64, 39, 45, 58, 88, 26, 56, 87, 46]","[[30, 20, 65, 35, 34, 24, 67, 39, 74, 2, 97, 92, 95], [1, 70, 31, 7, 82, 5, 99, 59, 96, 6], [88, 10, 62, 11, 19, 49, 47, 48, 8, 45, 60], [73, 22, 41, 42, 14, 44, 86, 16, 91, 100, 37, 98, 94], [57, 15, 43, 38, 46, 36, 64, 63, 90, 32, 66, 71, 9, 51, 78, 29, 3, 50, 69], [12, 80, 68, 79, 81, 33, 77, 76, 28], [93, 85, 61, 17, 84, 83, 18, 89], [27, 52], [26, 54, 55, 25, 4, 56, 23, 75, 72, 21], [53, 40, 58, 87, 13]]"
"[6, 99, 17, 2, 84, 87, 20, 65, 88, 28, 64, 38, 94, 22, 90, 33, 15, 46, 85, 92, 73, 47, 70, 4, 27, 21, 3, 66, 51, 1, 39, 44, 13, 30, 18, 32, 93, 35, 40, 78, 75, 67, 36, 55, 50, 29, 53, 83, 41, 89, 100, 76, 19, 11, 71, 45, 42, 14, 68, 37, 26, 16, 54, 49, 72, 62, 10, 43, 5, 48, 74, 82, 63, 58, 80, 98, 81, 86, 97, 77, 95, 52, 31, 24, 59, 60, 7, 34, 79, 23, 25, 61, 8, 12, 9, 96, 91, 56, 69, 57]","[[32, 90, 11, 48, 82, 8, 45, 17, 84, 83, 60, 96, 6, 89], [69, 70, 30, 7, 18, 5, 93, 85, 2, 40, 53], [26, 54, 55, 25, 39, 67, 23, 56], [20, 66, 65, 71, 35, 9, 33, 79, 28], [73, 41, 22, 75, 74, 12, 76, 50, 1], [88, 62, 19, 47, 61, 91, 42, 87], [21, 72, 4, 24, 80, 68], [27, 31, 10, 63, 64, 49, 36, 46, 94, 13, 58], [16, 86, 38, 44], [95, 97, 92, 59, 99, 52, 51, 81, 78, 34, 29, 3, 77], [98, 37, 100, 14, 43, 15, 57]]"
"[84, 12, 75, 76, 39, 79, 73, 94, 83, 96, 65, 67, 45, 22, 32, 34, 3, 35, 8, 53, 51, 27, 87, 100, 74, 58, 72, 23, 2, 16, 40, 59, 49, 43, 64, 78, 93, 21, 61, 77, 92, 99, 90, 85, 14, 56, 62, 7, 91, 71, 80, 68, 33, 11, 6, 46, 82, 28, 88, 30, 25, 98, 81, 26, 37, 97, 19, 60, 24, 50, 29, 63, 89, 57, 54, 44, 4, 13, 1, 52, 17, 69, 95, 15, 10, 66, 86, 31, 20, 70, 9, 47, 5, 55, 42, 38, 41, 18, 48, 36]","[[26, 12, 77, 68, 80, 54, 4, 40, 58, 53], [56, 23, 67, 39, 29, 78, 34, 35, 9, 81, 33, 28], [74, 75, 22, 41, 2, 87, 97, 13], [48, 36, 49, 64, 11, 31], [93, 85, 91, 44, 16, 17, 45, 83, 60, 89], [18, 7, 82, 8, 46, 47, 19, 62, 10, 30, 51, 79, 3, 24, 25, 55], [96, 99, 59, 98, 37, 92], [6, 94, 95, 42, 43, 15, 57, 73, 72, 21, 76, 50, 90, 63, 88, 52], [1, 20, 71, 65, 66, 32, 70, 69, 27], [100, 14, 38, 86, 61, 84, 5]]"
"[49, 53, 81, 92, 84, 66, 85, 33, 13, 5, 69, 28, 60, 27, 30, 3, 73, 99, 10, 90, 96, 42, 70, 6, 29, 38, 77, 20, 37, 41, 47, 100, 94, 93, 65, 24, 32, 67, 59, 86, 34, 4, 71, 50, 54, 11, 63, 23, 8, 22, 35, 68, 88, 45, 43, 16, 74, 18, 15, 52, 25, 44, 48, 14, 39, 12, 72, 58, 9, 1, 97, 19, 82, 7, 76, 83, 78, 75, 64, 95, 61, 51, 17, 55, 89, 26, 36, 79, 21, 57, 40, 80, 62, 2, 31, 91, 87, 46, 98, 56]","[[28, 53, 58, 13, 97, 37, 85], [68, 3, 77, 1, 70, 32, 90, 10, 88, 60, 93, 100, 43, 42, 92, 96, 6], [76, 50, 30, 63, 11, 19, 47, 48, 83, 5], [80, 24, 25, 39, 67, 23], [34, 35, 71, 65, 66, 20, 51], [89, 94, 57, 15, 41, 22, 74, 75, 56, 4, 55, 54, 26], [95, 44, 38, 14, 87, 12, 79, 81, 9, 33], [99, 61, 84, 17, 45, 46, 36, 49, 64, 62, 7, 82, 8, 18, 52, 27], [59, 98, 16, 86, 91, 2, 40, 21, 73, 72, 29, 78, 69, 31]]"
"[60, 6, 25, 61, 15, 85, 30, 47, 26, 8, 11, 20, 77, 2, 84, 23, 70, 45, 89, 38, 28, 99, 95, 35, 96, 76, 39, 78, 82, 72, 79, 56, 10, 33, 55, 41, 34, 98, 80, 49, 43, 17, 24, 59, 12, 22, 97, 90, 71, 9, 83, 31, 73, 53, 94, 16, 51, 21, 65, 13, 32, 36, 92, 19, 57, 44, 5, 63, 48, 69, 42, 62, 54, 27, 87, 1, 88, 67, 3, 81, 75, 93, 37, 86, 91, 52, 66, 50, 64, 18, 14, 40, 46, 4, 7, 58, 100, 29, 74, 68]","[[94, 91, 44, 86, 16, 61, 93, 96, 6], [28, 27, 52, 82, 8, 46, 45, 83, 84, 17, 38, 14, 100, 37], [74, 22, 75, 56, 23, 67, 39, 25, 55, 24, 29, 78, 79, 3], [7, 47, 36, 49, 64], [95, 97, 4, 54, 34, 35, 71, 9, 51, 50], [69, 30, 20, 66, 65, 58, 13], [2, 15, 43, 42, 85, 5, 48, 19, 11, 63, 10], [73, 72, 41, 57, 87], [33, 81, 1, 31, 18, 60, 99, 59, 98, 92], [70, 32, 90, 62, 88, 89, 40, 21, 53], [76, 77, 68, 80, 12, 26]]"
"[7, 43, 75, 38, 79, 82, 89, 13, 8, 62, 58, 81, 88, 32, 29, 3, 34, 77, 57, 67, 64, 16, 72, 66, 20, 12, 19, 2, 93, 9, 91, 69, 30, 51, 94, 52, 40, 36, 98, 55, 25, 11, 84, 42, 14, 85, 76, 26, 56, 97, 65, 4, 59, 95, 15, 100, 10, 63, 37, 54, 6, 41, 1, 96, 33, 68, 22, 90, 71, 47, 83, 24, 60, 39, 53, 21, 17, 61, 78, 46, 92, 99, 23, 18, 49, 44, 86, 45, 48, 73, 5, 35, 74, 70, 50, 80, 87, 28, 31, 27]","[[87, 42, 14, 38, 86, 17, 45, 48, 18, 89], [33, 81, 9, 78, 79, 3, 29, 24, 67, 39], [19, 11, 90, 32, 30, 51, 26, 21, 73, 40], [70, 63, 64, 49, 36, 47, 46, 93, 98, 37, 100, 57, 2, 25, 55, 54], [75, 23, 56, 4], [69, 1, 50, 12, 72, 74, 22, 41, 15, 43, 59, 99, 96, 6], [27, 52, 88, 31, 10, 62, 7, 82, 8, 83, 60, 13, 58, 53], [94, 95, 97, 92, 85, 91, 44, 16, 61, 84, 5], [20, 66, 65, 71, 35, 34, 68, 80, 77, 76, 28]]"
"[69, 94, 30, 14, 1, 61, 56, 43, 87, 45, 65, 85, 38, 67, 80, 24, 40, 10, 72, 86, 58, 29, 26, 9, 70, 11, 71, 95, 3, 8, 19, 53, 84, 2, 78, 68, 5, 41, 16, 42, 33, 52, 73, 39, 77, 46, 31, 22, 37, 32, 13, 23, 47, 93, 89, 75, 88, 15, 100, 96, 92, 25, 4, 44, 27, 82, 51, 98, 49, 64, 74, 34, 55, 50, 48, 7, 20, 66, 79, 6, 59, 60, 90, 62, 57, 76, 35, 83, 12, 36, 17, 63, 28, 97, 54, 81, 18, 91, 99, 21]","[[53, 58, 2, 87], [96, 93, 85, 91, 44, 38, 14, 43, 41, 67, 25, 55, 54], [72, 56, 4, 24, 29, 34, 78, 81, 33, 50], [83, 46, 36, 47, 19, 63, 90, 10, 69], [61, 86, 16, 100, 37, 26, 77, 3, 79, 76, 27], [13, 95, 92, 97, 22, 74, 75, 23, 39], [40, 21, 73, 57, 15, 42, 98, 60, 48, 49, 64, 11, 62, 88], [70, 30, 20, 51, 9, 68, 80, 12, 28], [89, 52, 31, 32, 66, 65, 35, 71, 1], [18, 7, 82, 8, 45, 17, 84, 5, 99, 59, 94, 6]]"
"[29, 57, 18, 96, 39, 42, 64, 3, 62, 34, 55, 40, 33, 65, 23, 90, 73, 71, 92, 35, 8, 68, 60, 5, 76, 1, 16, 13, 11, 32, 6, 14, 41, 78, 91, 58, 80, 98, 37, 84, 94, 87, 70, 38, 69, 100, 74, 49, 82, 59, 46, 85, 28, 12, 75, 56, 9, 61, 22, 66, 44, 43, 47, 24, 77, 20, 19, 93, 99, 50, 31, 17, 4, 15, 81, 21, 79, 67, 72, 10, 25, 52, 88, 89, 53, 51, 30, 2, 26, 27, 54, 45, 83, 63, 95, 97, 36, 86, 48, 7]","[[53, 58, 5, 84, 45, 36, 49, 64, 63, 30, 70, 69], [54, 24, 29, 34, 35, 65, 66, 71, 9, 33], [52, 88, 62, 11, 19, 7, 96, 59, 97, 87, 21, 40], [13, 95, 92, 37, 98, 100, 91, 16, 44, 14, 42, 57, 2], [73, 72, 74, 75, 22, 41, 15, 93, 99, 94], [27, 1, 50, 76, 4, 56, 43, 38, 86, 17, 61, 85], [77, 3, 79, 81, 78, 55, 25, 39, 67, 23], [89, 31, 10, 90, 32, 20, 51, 68, 80, 12, 26, 28], [18, 82, 48, 47, 46, 8, 83, 60, 6]]"
"[73, 13, 60, 54, 50, 19, 68, 97, 93, 79, 99, 80, 74, 65, 82, 56, 38, 91, 20, 100, 48, 1, 4, 67, 17, 10, 23, 24, 16, 84, 22, 32, 94, 44, 75, 14, 30, 39, 58, 27, 40, 21, 11, 49, 53, 95, 5, 33, 2, 72, 70, 69, 35, 81, 96, 42, 57, 66, 87, 8, 92, 52, 46, 61, 43, 41, 34, 12, 37, 36, 29, 31, 63, 6, 7, 55, 62, 98, 83, 90, 71, 28, 51, 88, 9, 76, 85, 86, 64, 77, 45, 3, 59, 18, 89, 26, 25, 78, 15, 47]","[[76, 77, 68, 80, 12, 26, 97, 92, 95, 94], [51, 9, 71, 20, 30], [61, 86, 38, 44, 16, 91, 85, 54, 24, 29, 3], [40, 73, 74, 22, 2], [53, 21, 72, 23, 67, 39, 25, 55], [27, 11, 19, 13, 58], [6, 96, 59, 93, 37, 57, 41, 75, 56, 4, 81, 33, 50, 28], [87, 42, 15, 43, 14, 100, 98, 99, 60, 8, 46, 36, 63, 32, 10, 62, 52], [48, 47, 49, 64, 90, 66, 65, 35, 34, 78, 79], [5, 84, 17, 45, 83, 89], [18, 82, 7, 88, 31, 70, 1, 69]]"
"[12, 61, 84, 23, 8, 89, 33, 54, 85, 14, 80, 56, 20, 1, 63, 91, 29, 71, 9, 7, 24, 16, 92, 87, 4, 28, 38, 68, 21, 47, 37, 44, 17, 79, 97, 98, 49, 96, 5, 32, 81, 22, 62, 66, 35, 15, 74, 77, 30, 50, 94, 42, 45, 60, 67, 82, 69, 27, 52, 57, 34, 72, 78, 93, 19, 3, 99, 83, 18, 86, 90, 6, 73, 64, 100, 11, 95, 10, 51, 43, 59, 25, 53, 76, 46, 75, 2, 31, 26, 55, 70, 41, 40, 48, 13, 65, 36, 58, 88, 39]","[[85, 61, 84, 5, 60, 89], [80, 24, 29, 81, 20, 32, 90, 93, 98, 59], [71, 65, 66, 70, 69, 94, 95, 92, 97, 13], [44, 86, 38, 14, 40, 26, 12, 76], [37, 100, 91, 16, 17, 62, 10, 31], [1, 9, 35, 34, 78, 79, 3, 50], [27, 52, 88, 7, 82, 8, 83, 87, 57, 41, 23, 56, 4], [18, 48, 19, 47, 36, 46, 45, 99, 96, 6], [58, 42, 43, 15, 2, 68, 77, 33, 51, 30, 63, 64, 49, 11], [53, 73, 74, 22, 75, 72, 21, 28], [54, 55, 25, 67, 39]]"
"[45, 11, 48, 37, 61, 39, 13, 69, 58, 70, 49, 91, 60, 12, 31, 10, 44, 36, 14, 52, 43, 26, 62, 42, 28, 88, 72, 25, 84, 64, 95, 1, 92, 79, 100, 4, 33, 22, 73, 27, 57, 5, 94, 9, 3, 18, 65, 99, 7, 85, 2, 76, 80, 40, 96, 71, 38, 47, 63, 53, 50, 21, 56, 6, 19, 34, 23, 24, 32, 90, 8, 17, 89, 46, 59, 98, 66, 74, 20, 30, 41, 51, 54, 81, 78, 16, 83, 35, 82, 93, 75, 67, 86, 97, 87, 55, 29, 68, 15, 77]","[[16, 86, 17, 45, 8, 88, 31, 69, 27], [52, 82, 83, 18], [26, 40, 42, 43, 14, 38, 44, 91, 93, 10, 70, 1, 28], [13, 95, 97, 87, 57, 15, 41, 22, 74, 75, 56, 72, 73, 21], [6, 96, 94], [3, 29, 34, 35, 65, 66, 90, 11, 62, 98, 100, 58, 53], [48, 47, 19, 7], [4, 25, 55, 54, 24, 51, 32, 63, 64, 49, 36, 46, 61, 85, 37, 92], [50, 33, 79, 78, 81, 9, 71, 20, 30], [89, 60, 84, 5, 99, 59, 2, 23, 67, 39], [12, 80, 68, 77, 76]]"
"[20, 37, 75, 82, 61, 50, 11, 2, 4, 92, 47, 56, 95, 88, 22, 80, 77, 39, 33, 93, 68, 31, 94, 84, 9, 89, 34, 90, 21, 19, 66, 38, 63, 41, 42, 85, 8, 16, 32, 1, 13, 44, 91, 5, 86, 14, 97, 99, 27, 26, 81, 40, 36, 71, 48, 62, 49, 18, 58, 53, 12, 67, 87, 45, 30, 65, 64, 46, 79, 60, 74, 29, 7, 17, 72, 43, 28, 10, 59, 57, 69, 52, 35, 83, 3, 24, 78, 76, 15, 73, 51, 54, 23, 55, 96, 98, 25, 6, 70, 100]","[[28, 26, 4, 75, 22, 41, 15, 42, 61, 45, 8, 82, 7, 52], [12, 80, 68, 3, 77], [76, 9, 51, 30, 70, 18, 83, 5, 60, 89], [31, 10, 32, 90, 63, 19, 93, 85, 98, 37, 95], [58, 87, 14, 44, 16, 91, 100, 13], [27, 88, 62, 11, 64, 49, 36, 46, 47, 48], [53, 40, 23, 67, 54, 34, 35, 71, 65, 66, 20], [21, 72, 43, 38, 86, 17, 84, 99, 59, 96, 94], [6, 92, 97, 57, 2, 73, 74, 56, 39, 25, 55, 24, 29, 79, 78, 81, 33, 50, 1, 69]]"

ESTADÍSTICAS
operador,Combinacion 2-opt, OR-opt y Swap
instancia,CMT3.vrp
conSplit,true
num_ejecuciones,30
tiempo_total_ms,4394.7045
mejor_costo,1093.18
mejor_ruta,"[[30, 20, 65, 35, 34, 24, 67, 39, 74, 2, 97, 92, 95], [1, 70, 31, 7, 82, 5, 99, 59, 96, 6], [88, 10, 62, 11, 19, 49, 47, 48, 8, 45, 60], [73, 22, 41, 42, 14, 44, 86, 16, 91, 100, 37, 98, 94], [57, 15, 43, 38, 46, 36, 64, 63, 90, 32, 66, 71, 9, 51, 78, 29, 3, 50, 69], [12, 80, 68, 79, 81, 33, 77, 76, 28], [93, 85, 61, 17, 84, 83, 18, 89], [27, 52], [26, 54, 55, 25, 4, 56, 23, 75, 72, 21], [53, 40, 58, 87, 13]]"
peor_costo,1380.61
peor_ruta,"[[27, 52], [70, 31, 88, 7, 99, 98, 44, 86, 38, 14, 100, 37, 92], [20, 71, 9, 51, 40, 2, 57, 87, 97, 95], [28, 76, 81, 33, 50, 89, 6], [72, 74, 75, 22, 41, 17, 45, 8, 83], [94, 96, 59, 42, 43, 15, 3, 79, 1, 69], [46, 36, 47, 19, 62, 77, 68, 80, 12, 53], [58, 13, 18, 82, 48, 49, 64], [56, 23, 67, 39, 30, 32, 90, 10], [93, 85, 91, 16, 61, 84, 5, 60], [26, 4, 25, 55, 24, 54], [73, 21, 29, 78, 34, 35, 65, 66, 63, 11]]"
promedio,1201.67
desviacion_tipica,68.90
